home_ownership,avg_income
MORTGAGE,88088.2306601192
ANY,80396.8704081633
OTHER,75940.0
OWN,72506.2186900557
RENT,67149.3851963766
NONE,53020.0
,
